{
  "total": 72,
  "success": 70,
  "failed": 2,
  "success_models": [
    "bytedance/seedream",
    "bytedance/seedream-v4-text-to-image",
    "bytedance/seedream-v4-edit",
    "z-image",
    "google/imagen4-fast",
    "google/imagen4-ultra",
    "google/imagen4",
    "google/nano-banana-edit",
    "google/nano-banana",
    "nano-banana-pro",
    "flux-2/pro-image-to-image",
    "flux-2/pro-text-to-image",
    "flux-2/flex-image-to-image",
    "flux-2/flex-text-to-image",
    "grok-imagine/text-to-image",
    "grok-imagine/upscale",
    "topaz/image-upscale",
    "recraft/remove-background",
    "recraft/crisp-upscale",
    "ideogram/v3-reframe",
    "ideogram/character-edit",
    "ideogram/character-remix",
    "ideogram/character",
    "qwen/text-to-image",
    "qwen/image-to-image",
    "qwen/image-edit",
    "grok-imagine/text-to-video",
    "grok-imagine/image-to-video",
    "kling-2.6/text-to-video",
    "kling-2.6/image-to-video",
    "kling/ai-avatar-v1-pro",
    "kling/v1-avatar-standard",
    "kling/v2-1-master-image-to-video",
    "kling/v2-1-master-text-to-video",
    "kling/v2-1-pro",
    "kling/v2-1-standard",
    "bytedance/v1-pro-fast-image-to-video",
    "bytedance/v1-pro-image-to-video",
    "bytedance/v1-pro-text-to-video",
    "bytedance/v1-lite-image-to-video",
    "bytedance/v1-lite-text-to-video",
    "hailuo/2-3-image-to-video-pro",
    "hailuo/2-3-image-to-video-standard",
    "hailuo/02-text-to-video-pro",
    "hailuo/02-text-to-video-standard",
    "hailuo/02-image-to-video-pro",
    "hailuo/02-image-to-video-standard",
    "sora-2-image-to-video",
    "sora-2-text-to-video",
    "sora-2-pro-image-to-video",
    "sora-2-pro-text-to-video",
    "sora-watermark-remover",
    "sora-2-pro-storyboard/index",
    "sora-2-characters",
    "wan/2-6-image-to-video",
    "wan/2-6-text-to-video",
    "wan/2-6-video-to-video",
    "wan/2-2-a14b-image-to-video-turbo",
    "wan/2-2-a14b-text-to-video-turbo",
    "wan/2-2-animate-move",
    "wan/2-2-animate-replace",
    "wan/2-2-a14b-speech-to-video-turbo",
    "topaz/video-upscale",
    "infinitalk/from-audio",
    "elevenlabs/text-to-speech-turbo-2-5",
    "elevenlabs/speech-to-text",
    "elevenlabs/sound-effect-v2",
    "elevenlabs/audio-isolation",
    "kling/v2-5-turbo-image-to-video-pro",
    "kling/v2-5-turbo-text-to-video-pro"
  ],
  "failed_details": [
    {
      "model": "veo3_fast",
      "error": "Model veo3_fast requires field 'imageUrls' (type: list), but it is missing from user inputs"
    },
    {
      "model": "V4",
      "error": "Model V4 requires field 'customMode' (type: bool), but it is missing from user inputs"
    }
  ]
}