{
  "summary": {
    "total_registry": 107,
    "total_ui": 89,
    "coverage_percent": 83.18,
    "missing_count": 18,
    "extra_count": 0,
    "broken_count": 0
  },
  "missing_in_ui": [
    "AI_INTEGRATION_IMPROVEMENTS",
    "ARCHITECTURE",
    "FLOWS",
    "KLING_V2_1_STANDARD_INTEGRATION",
    "MODELS_AND_PRICING_RU",
    "OFFICIAL_API_DOCUMENTATION_INDEX",
    "PLAN",
    "RENDER",
    "RISK_REGISTER",
    "STATE",
    "STRICT_INTEGRATION_RULES",
    "all_models_test_results",
    "cheap_models_test_results",
    "generation_test_results_20251217_170008",
    "generation_test_results_20251217_170332",
    "image_processor",
    "text_processor",
    "url_processor"
  ],
  "extra_in_ui": [],
  "broken_models": [],
  "all_registry_models": [
    "AI_INTEGRATION_IMPROVEMENTS",
    "ARCHITECTURE",
    "FLOWS",
    "KLING_V2_1_STANDARD_INTEGRATION",
    "MODELS_AND_PRICING_RU",
    "OFFICIAL_API_DOCUMENTATION_INDEX",
    "PLAN",
    "RENDER",
    "RISK_REGISTER",
    "STATE",
    "STRICT_INTEGRATION_RULES",
    "all_models_test_results",
    "bytedance/seedance",
    "bytedance/seedream",
    "bytedance/seedream-v4-edit",
    "bytedance/seedream-v4-text-to-image",
    "bytedance/v1-lite-image-to-video",
    "bytedance/v1-lite-text-to-video",
    "bytedance/v1-pro-fast-image-to-video",
    "bytedance/v1-pro-image-to-video",
    "bytedance/v1-pro-text-to-video",
    "cheap_models_test_results",
    "elevenlabs/audio-isolation",
    "elevenlabs/sound-effect",
    "elevenlabs/sound-effect-v2",
    "elevenlabs/speech-to-text",
    "elevenlabs/text-to-speech",
    "elevenlabs/text-to-speech-multilingual-v2",
    "flux-2/flex-image-to-image",
    "flux-2/flex-text-to-image",
    "flux-2/pro-image-to-image",
    "flux-2/pro-text-to-image",
    "flux/kontext",
    "generation_test_results_20251217_170008",
    "generation_test_results_20251217_170332",
    "google/imagen4",
    "google/imagen4-fast",
    "google/imagen4-ultra",
    "google/nano-banana",
    "google/nano-banana-edit",
    "google/nano-banana-pro",
    "google/veo-3",
    "google/veo-3.1",
    "grok-imagine/image-to-video",
    "grok-imagine/text-to-image",
    "grok-imagine/text-to-video",
    "grok/imagine",
    "hailuo/02-image-to-video-pro",
    "hailuo/02-image-to-video-standard",
    "hailuo/02-text-to-video-pro",
    "hailuo/02-text-to-video-standard",
    "hailuo/2-3-image-to-video-pro",
    "hailuo/2-3-image-to-video-standard",
    "hailuo/2.3",
    "ideogram/character",
    "ideogram/character-edit",
    "ideogram/character-remix",
    "ideogram/v3-edit",
    "ideogram/v3-reframe",
    "ideogram/v3-remix",
    "ideogram/v3-text-to-image",
    "image_processor",
    "infinitalk/from-audio",
    "kling-2.6/image-to-video",
    "kling-2.6/text-to-video",
    "kling/ai-avatar-v1-pro",
    "kling/v1-avatar-standard",
    "kling/v2-1-master-image-to-video",
    "kling/v2-1-master-text-to-video",
    "kling/v2-1-pro",
    "kling/v2-1-standard",
    "kling/v2-5-turbo-image-to-video-pro",
    "kling/v2-5-turbo-text-to-video-pro",
    "midjourney/api",
    "nano-banana-pro",
    "openai/4o-image",
    "qwen/image-edit",
    "qwen/image-to-image",
    "qwen/text-to-image",
    "recraft/crisp-upscale",
    "recraft/remove-background",
    "runway/gen-4",
    "seedream/4.5-edit",
    "seedream/4.5-text-to-image",
    "sora-2-image-to-video",
    "sora-2-pro-image-to-video",
    "sora-2-pro-storyboard",
    "sora-2-pro-text-to-video",
    "sora-2-text-to-video",
    "sora-watermark-remover",
    "source",
    "suno/v5",
    "text_processor",
    "topaz/image-upscale",
    "topaz/video-upscale",
    "url_processor",
    "wan/2-2-a14b-image-to-video-turbo",
    "wan/2-2-a14b-speech-to-video-turbo",
    "wan/2-2-a14b-text-to-video-turbo",
    "wan/2-2-animate-move",
    "wan/2-2-animate-replace",
    "wan/2-5-image-to-video",
    "wan/2-5-text-to-video",
    "wan/2-6-image-to-video",
    "wan/2-6-text-to-video",
    "wan/2-6-video-to-video",
    "z-image"
  ],
  "all_ui_models": [
    "bytedance/seedance",
    "bytedance/seedream",
    "bytedance/seedream-v4-edit",
    "bytedance/seedream-v4-text-to-image",
    "bytedance/v1-lite-image-to-video",
    "bytedance/v1-lite-text-to-video",
    "bytedance/v1-pro-fast-image-to-video",
    "bytedance/v1-pro-image-to-video",
    "bytedance/v1-pro-text-to-video",
    "elevenlabs/audio-isolation",
    "elevenlabs/sound-effect",
    "elevenlabs/sound-effect-v2",
    "elevenlabs/speech-to-text",
    "elevenlabs/text-to-speech",
    "elevenlabs/text-to-speech-multilingual-v2",
    "flux-2/flex-image-to-image",
    "flux-2/flex-text-to-image",
    "flux-2/pro-image-to-image",
    "flux-2/pro-text-to-image",
    "flux/kontext",
    "google/imagen4",
    "google/imagen4-fast",
    "google/imagen4-ultra",
    "google/nano-banana",
    "google/nano-banana-edit",
    "google/nano-banana-pro",
    "google/veo-3",
    "google/veo-3.1",
    "grok-imagine/image-to-video",
    "grok-imagine/text-to-image",
    "grok-imagine/text-to-video",
    "grok/imagine",
    "hailuo/02-image-to-video-pro",
    "hailuo/02-image-to-video-standard",
    "hailuo/02-text-to-video-pro",
    "hailuo/02-text-to-video-standard",
    "hailuo/2-3-image-to-video-pro",
    "hailuo/2-3-image-to-video-standard",
    "hailuo/2.3",
    "ideogram/character",
    "ideogram/character-edit",
    "ideogram/character-remix",
    "ideogram/v3-edit",
    "ideogram/v3-reframe",
    "ideogram/v3-remix",
    "ideogram/v3-text-to-image",
    "infinitalk/from-audio",
    "kling-2.6/image-to-video",
    "kling-2.6/text-to-video",
    "kling/ai-avatar-v1-pro",
    "kling/v1-avatar-standard",
    "kling/v2-1-master-image-to-video",
    "kling/v2-1-master-text-to-video",
    "kling/v2-1-pro",
    "kling/v2-1-standard",
    "kling/v2-5-turbo-image-to-video-pro",
    "kling/v2-5-turbo-text-to-video-pro",
    "midjourney/api",
    "nano-banana-pro",
    "openai/4o-image",
    "qwen/image-edit",
    "qwen/image-to-image",
    "qwen/text-to-image",
    "recraft/crisp-upscale",
    "recraft/remove-background",
    "runway/gen-4",
    "seedream/4.5-edit",
    "seedream/4.5-text-to-image",
    "sora-2-image-to-video",
    "sora-2-pro-image-to-video",
    "sora-2-pro-storyboard",
    "sora-2-pro-text-to-video",
    "sora-2-text-to-video",
    "sora-watermark-remover",
    "source",
    "suno/v5",
    "topaz/image-upscale",
    "topaz/video-upscale",
    "wan/2-2-a14b-image-to-video-turbo",
    "wan/2-2-a14b-speech-to-video-turbo",
    "wan/2-2-a14b-text-to-video-turbo",
    "wan/2-2-animate-move",
    "wan/2-2-animate-replace",
    "wan/2-5-image-to-video",
    "wan/2-5-text-to-video",
    "wan/2-6-image-to-video",
    "wan/2-6-text-to-video",
    "wan/2-6-video-to-video",
    "z-image"
  ]
}