{
  "config": {
    "fx_rate": 78.0,
    "markup": 2.0,
    "formula": "price_rub = price_usd * 78.0 * 2"
  },
  "summary": {
    "total_models": 80,
    "free_models": 5,
    "paid_models": 75,
    "price_ranges": {
      "0-1000": 0,
      "1000-5000": 38,
      "5000-10000": 2,
      "10000+": 35
    }
  },
  "models": [
    {
      "rank": 1,
      "model_id": "elevenlabs/speech-to-text",
      "price_usd": 3.0,
      "price_rub": 468.0,
      "is_free": true,
      "category": "stt"
    },
    {
      "rank": 2,
      "model_id": "elevenlabs/audio-isolation",
      "price_usd": 5.0,
      "price_rub": 780.0,
      "is_free": true,
      "category": "audio_isolation"
    },
    {
      "rank": 3,
      "model_id": "elevenlabs/text-to-speech",
      "price_usd": 5.0,
      "price_rub": 780.0,
      "is_free": true,
      "category": "tts"
    },
    {
      "rank": 4,
      "model_id": "elevenlabs/text-to-speech-multilingual-v2",
      "price_usd": 5.0,
      "price_rub": 780.0,
      "is_free": true,
      "category": "other"
    },
    {
      "rank": 5,
      "model_id": "elevenlabs/sound-effect",
      "price_usd": 8.0,
      "price_rub": 1248.0,
      "is_free": true,
      "category": "sfx"
    },
    {
      "rank": 6,
      "model_id": "elevenlabs/sound-effect-v2",
      "price_usd": 8.0,
      "price_rub": 1248.0,
      "is_free": false,
      "category": "other"
    },
    {
      "rank": 7,
      "model_id": "google/nano-banana",
      "price_usd": 8.0,
      "price_rub": 1248.0,
      "is_free": false,
      "category": "t2i"
    },
    {
      "rank": 8,
      "model_id": "recraft/remove-background",
      "price_usd": 8.0,
      "price_rub": 1248.0,
      "is_free": false,
      "category": "bg_remove"
    },
    {
      "rank": 9,
      "model_id": "bytedance/seedream",
      "price_usd": 10.0,
      "price_rub": 1560.0,
      "is_free": false,
      "category": "t2i"
    },
    {
      "rank": 10,
      "model_id": "flux-2/flex-text-to-image",
      "price_usd": 10.0,
      "price_rub": 1560.0,
      "is_free": false,
      "category": "t2i"
    },
    {
      "rank": 11,
      "model_id": "google/imagen4-fast",
      "price_usd": 10.0,
      "price_rub": 1560.0,
      "is_free": false,
      "category": "t2i"
    },
    {
      "rank": 12,
      "model_id": "google/nano-banana-edit",
      "price_usd": 10.0,
      "price_rub": 1560.0,
      "is_free": false,
      "category": "i2i"
    },
    {
      "rank": 13,
      "model_id": "bytedance/seedream-v4-text-to-image",
      "price_usd": 12.0,
      "price_rub": 1872.0,
      "is_free": false,
      "category": "other"
    },
    {
      "rank": 14,
      "model_id": "flux-2/flex-image-to-image",
      "price_usd": 12.0,
      "price_rub": 1872.0,
      "is_free": false,
      "category": "i2i"
    },
    {
      "rank": 15,
      "model_id": "flux/kontext",
      "price_usd": 12.0,
      "price_rub": 1872.0,
      "is_free": false,
      "category": "t2i"
    },
    {
      "rank": 16,
      "model_id": "google/nano-banana-pro",
      "price_usd": 12.0,
      "price_rub": 1872.0,
      "is_free": false,
      "category": "t2i"
    },
    {
      "rank": 17,
      "model_id": "grok-imagine/text-to-image",
      "price_usd": 12.0,
      "price_rub": 1872.0,
      "is_free": false,
      "category": "other"
    },
    {
      "rank": 18,
      "model_id": "midjourney/api",
      "price_usd": 12.0,
      "price_rub": 1872.0,
      "is_free": false,
      "category": "t2i"
    },
    {
      "rank": 19,
      "model_id": "openai/4o-image",
      "price_usd": 12.0,
      "price_rub": 1872.0,
      "is_free": false,
      "category": "t2i"
    },
    {
      "rank": 20,
      "model_id": "qwen/text-to-image",
      "price_usd": 12.0,
      "price_rub": 1872.0,
      "is_free": false,
      "category": "t2i"
    },
    {
      "rank": 21,
      "model_id": "recraft/crisp-upscale",
      "price_usd": 12.0,
      "price_rub": 1872.0,
      "is_free": false,
      "category": "upscale"
    },
    {
      "rank": 22,
      "model_id": "seedream/4.5-text-to-image",
      "price_usd": 12.0,
      "price_rub": 1872.0,
      "is_free": false,
      "category": "t2i"
    },
    {
      "rank": 23,
      "model_id": "bytedance/seedream-v4-edit",
      "price_usd": 15.0,
      "price_rub": 2340.0,
      "is_free": false,
      "category": "other"
    },
    {
      "rank": 24,
      "model_id": "flux-2/pro-text-to-image",
      "price_usd": 15.0,
      "price_rub": 2340.0,
      "is_free": false,
      "category": "t2i"
    },
    {
      "rank": 25,
      "model_id": "google/imagen4",
      "price_usd": 15.0,
      "price_rub": 2340.0,
      "is_free": false,
      "category": "t2i"
    },
    {
      "rank": 26,
      "model_id": "ideogram/character",
      "price_usd": 15.0,
      "price_rub": 2340.0,
      "is_free": false,
      "category": "t2i"
    },
    {
      "rank": 27,
      "model_id": "ideogram/v3-text-to-image",
      "price_usd": 15.0,
      "price_rub": 2340.0,
      "is_free": false,
      "category": "t2i"
    },
    {
      "rank": 28,
      "model_id": "qwen/image-edit",
      "price_usd": 15.0,
      "price_rub": 2340.0,
      "is_free": false,
      "category": "i2i"
    },
    {
      "rank": 29,
      "model_id": "qwen/image-to-image",
      "price_usd": 15.0,
      "price_rub": 2340.0,
      "is_free": false,
      "category": "i2i"
    },
    {
      "rank": 30,
      "model_id": "seedream/4.5-edit",
      "price_usd": 15.0,
      "price_rub": 2340.0,
      "is_free": false,
      "category": "i2i"
    },
    {
      "rank": 31,
      "model_id": "topaz/image-upscale",
      "price_usd": 15.0,
      "price_rub": 2340.0,
      "is_free": false,
      "category": "upscale"
    },
    {
      "rank": 32,
      "model_id": "wan/2-2-animate-replace",
      "price_usd": 15.0,
      "price_rub": 2340.0,
      "is_free": false,
      "category": "other"
    },
    {
      "rank": 33,
      "model_id": "flux-2/pro-image-to-image",
      "price_usd": 18.0,
      "price_rub": 2808.0,
      "is_free": false,
      "category": "i2i"
    },
    {
      "rank": 34,
      "model_id": "ideogram/character-edit",
      "price_usd": 18.0,
      "price_rub": 2808.0,
      "is_free": false,
      "category": "i2i"
    },
    {
      "rank": 35,
      "model_id": "ideogram/character-remix",
      "price_usd": 18.0,
      "price_rub": 2808.0,
      "is_free": false,
      "category": "i2i"
    },
    {
      "rank": 36,
      "model_id": "ideogram/v3-edit",
      "price_usd": 18.0,
      "price_rub": 2808.0,
      "is_free": false,
      "category": "i2i"
    },
    {
      "rank": 37,
      "model_id": "ideogram/v3-reframe",
      "price_usd": 18.0,
      "price_rub": 2808.0,
      "is_free": false,
      "category": "i2i"
    },
    {
      "rank": 38,
      "model_id": "ideogram/v3-remix",
      "price_usd": 18.0,
      "price_rub": 2808.0,
      "is_free": false,
      "category": "i2i"
    },
    {
      "rank": 39,
      "model_id": "google/imagen4-ultra",
      "price_usd": 20.0,
      "price_rub": 3120.0,
      "is_free": false,
      "category": "t2i"
    },
    {
      "rank": 40,
      "model_id": "infinitalk/from-audio",
      "price_usd": 20.0,
      "price_rub": 3120.0,
      "is_free": false,
      "category": "lip_sync"
    },
    {
      "rank": 41,
      "model_id": "kling/ai-avatar-v1-pro",
      "price_usd": 20.0,
      "price_rub": 3120.0,
      "is_free": false,
      "category": "lip_sync"
    },
    {
      "rank": 42,
      "model_id": "kling/v1-avatar-standard",
      "price_usd": 20.0,
      "price_rub": 3120.0,
      "is_free": false,
      "category": "lip_sync"
    },
    {
      "rank": 43,
      "model_id": "suno/v5",
      "price_usd": 25.0,
      "price_rub": 3900.0,
      "is_free": false,
      "category": "music"
    },
    {
      "rank": 44,
      "model_id": "topaz/video-upscale",
      "price_usd": 50.0,
      "price_rub": 7800.0,
      "is_free": false,
      "category": "upscale"
    },
    {
      "rank": 45,
      "model_id": "bytedance/v1-lite-image-to-video",
      "price_usd": 60.0,
      "price_rub": 9360.0,
      "is_free": false,
      "category": "other"
    },
    {
      "rank": 46,
      "model_id": "bytedance/v1-lite-text-to-video",
      "price_usd": 70.0,
      "price_rub": 10920.0,
      "is_free": false,
      "category": "other"
    },
    {
      "rank": 47,
      "model_id": "grok/imagine",
      "price_usd": 70.0,
      "price_rub": 10920.0,
      "is_free": false,
      "category": "i2v"
    },
    {
      "rank": 48,
      "model_id": "bytedance/seedance",
      "price_usd": 80.0,
      "price_rub": 12480.0,
      "is_free": false,
      "category": "i2v"
    },
    {
      "rank": 49,
      "model_id": "hailuo/02-image-to-video-standard",
      "price_usd": 85.0,
      "price_rub": 13260.0,
      "is_free": false,
      "category": "i2v"
    },
    {
      "rank": 50,
      "model_id": "hailuo/2-3-image-to-video-standard",
      "price_usd": 85.0,
      "price_rub": 13260.0,
      "is_free": false,
      "category": "other"
    },
    {
      "rank": 51,
      "model_id": "grok-imagine/image-to-video",
      "price_usd": 90.0,
      "price_rub": 14040.0,
      "is_free": false,
      "category": "other"
    },
    {
      "rank": 52,
      "model_id": "hailuo/02-text-to-video-standard",
      "price_usd": 90.0,
      "price_rub": 14040.0,
      "is_free": false,
      "category": "t2v"
    },
    {
      "rank": 53,
      "model_id": "kling/v2-1-master-image-to-video",
      "price_usd": 90.0,
      "price_rub": 14040.0,
      "is_free": false,
      "category": "i2v"
    },
    {
      "rank": 54,
      "model_id": "kling/v2-5-turbo-image-to-video-pro",
      "price_usd": 90.0,
      "price_rub": 14040.0,
      "is_free": false,
      "category": "i2v"
    },
    {
      "rank": 55,
      "model_id": "runway/gen-4",
      "price_usd": 90.0,
      "price_rub": 14040.0,
      "is_free": false,
      "category": "i2v"
    },
    {
      "rank": 56,
      "model_id": "wan/2-2-a14b-image-to-video-turbo",
      "price_usd": 90.0,
      "price_rub": 14040.0,
      "is_free": false,
      "category": "i2v"
    },
    {
      "rank": 57,
      "model_id": "wan/2-5-image-to-video",
      "price_usd": 90.0,
      "price_rub": 14040.0,
      "is_free": false,
      "category": "i2v"
    },
    {
      "rank": 58,
      "model_id": "wan/2-6-image-to-video",
      "price_usd": 90.0,
      "price_rub": 14040.0,
      "is_free": false,
      "category": "i2v"
    },
    {
      "rank": 59,
      "model_id": "bytedance/v1-pro-fast-image-to-video",
      "price_usd": 95.0,
      "price_rub": 14820.0,
      "is_free": false,
      "category": "i2v"
    },
    {
      "rank": 60,
      "model_id": "wan/2-6-video-to-video",
      "price_usd": 95.0,
      "price_rub": 14820.0,
      "is_free": false,
      "category": "v2v"
    },
    {
      "rank": 61,
      "model_id": "bytedance/v1-pro-image-to-video",
      "price_usd": 100.0,
      "price_rub": 15600.0,
      "is_free": false,
      "category": "other"
    },
    {
      "rank": 62,
      "model_id": "grok-imagine/text-to-video",
      "price_usd": 100.0,
      "price_rub": 15600.0,
      "is_free": false,
      "category": "other"
    },
    {
      "rank": 63,
      "model_id": "hailuo/2.3",
      "price_usd": 100.0,
      "price_rub": 15600.0,
      "is_free": false,
      "category": "i2v"
    },
    {
      "rank": 64,
      "model_id": "kling-2.6/image-to-video",
      "price_usd": 100.0,
      "price_rub": 15600.0,
      "is_free": false,
      "category": "i2v"
    },
    {
      "rank": 65,
      "model_id": "kling/v2-1-master-text-to-video",
      "price_usd": 100.0,
      "price_rub": 15600.0,
      "is_free": false,
      "category": "t2v"
    },
    {
      "rank": 66,
      "model_id": "kling/v2-1-pro",
      "price_usd": 100.0,
      "price_rub": 15600.0,
      "is_free": false,
      "category": "t2v"
    },
    {
      "rank": 67,
      "model_id": "kling/v2-1-standard",
      "price_usd": 100.0,
      "price_rub": 15600.0,
      "is_free": false,
      "category": "t2v"
    },
    {
      "rank": 68,
      "model_id": "kling/v2-5-turbo-text-to-video-pro",
      "price_usd": 100.0,
      "price_rub": 15600.0,
      "is_free": false,
      "category": "t2v"
    },
    {
      "rank": 69,
      "model_id": "wan/2-2-a14b-speech-to-video-turbo",
      "price_usd": 100.0,
      "price_rub": 15600.0,
      "is_free": false,
      "category": "t2v"
    },
    {
      "rank": 70,
      "model_id": "wan/2-2-a14b-text-to-video-turbo",
      "price_usd": 100.0,
      "price_rub": 15600.0,
      "is_free": false,
      "category": "t2v"
    },
    {
      "rank": 71,
      "model_id": "wan/2-2-animate-move",
      "price_usd": 100.0,
      "price_rub": 15600.0,
      "is_free": false,
      "category": "t2v"
    },
    {
      "rank": 72,
      "model_id": "wan/2-5-text-to-video",
      "price_usd": 100.0,
      "price_rub": 15600.0,
      "is_free": false,
      "category": "t2v"
    },
    {
      "rank": 73,
      "model_id": "wan/2-6-text-to-video",
      "price_usd": 100.0,
      "price_rub": 15600.0,
      "is_free": false,
      "category": "t2v"
    },
    {
      "rank": 74,
      "model_id": "bytedance/v1-pro-text-to-video",
      "price_usd": 110.0,
      "price_rub": 17160.0,
      "is_free": false,
      "category": "other"
    },
    {
      "rank": 75,
      "model_id": "hailuo/02-image-to-video-pro",
      "price_usd": 110.0,
      "price_rub": 17160.0,
      "is_free": false,
      "category": "other"
    },
    {
      "rank": 76,
      "model_id": "hailuo/2-3-image-to-video-pro",
      "price_usd": 110.0,
      "price_rub": 17160.0,
      "is_free": false,
      "category": "other"
    },
    {
      "rank": 77,
      "model_id": "kling-2.6/text-to-video",
      "price_usd": 110.0,
      "price_rub": 17160.0,
      "is_free": false,
      "category": "t2v"
    },
    {
      "rank": 78,
      "model_id": "hailuo/02-text-to-video-pro",
      "price_usd": 120.0,
      "price_rub": 18720.0,
      "is_free": false,
      "category": "other"
    },
    {
      "rank": 79,
      "model_id": "google/veo-3",
      "price_usd": 150.0,
      "price_rub": 23400.0,
      "is_free": false,
      "category": "t2v"
    },
    {
      "rank": 80,
      "model_id": "google/veo-3.1",
      "price_usd": 180.0,
      "price_rub": 28080.0,
      "is_free": false,
      "category": "t2v"
    }
  ]
}