{
  "elevenlabs/speech-to-text": {
    "usd_per_gen": 3.0,
    "rub_per_gen": 474.0,
    "credits_per_gen": 600.0,
    "is_free": true,
    "rank": 1
  },
  "elevenlabs/audio-isolation": {
    "usd_per_gen": 5.0,
    "rub_per_gen": 790.0,
    "credits_per_gen": 1000.0,
    "is_free": true,
    "rank": 2
  },
  "elevenlabs/text-to-speech": {
    "usd_per_gen": 5.0,
    "rub_per_gen": 790.0,
    "credits_per_gen": 1000.0,
    "is_free": true,
    "rank": 3
  },
  "elevenlabs/text-to-speech-multilingual-v2": {
    "usd_per_gen": 5.0,
    "rub_per_gen": 790.0,
    "credits_per_gen": 1000.0,
    "is_free": true,
    "rank": 4
  },
  "elevenlabs/sound-effect": {
    "usd_per_gen": 8.0,
    "rub_per_gen": 1264.0,
    "credits_per_gen": 1600.0,
    "is_free": true,
    "rank": 5
  },
  "elevenlabs/sound-effect-v2": {
    "usd_per_gen": 8.0,
    "rub_per_gen": 1264.0,
    "credits_per_gen": 1600.0,
    "is_free": false,
    "rank": 6
  },
  "google/nano-banana": {
    "usd_per_gen": 8.0,
    "rub_per_gen": 1264.0,
    "credits_per_gen": 1600.0,
    "is_free": false,
    "rank": 7
  },
  "recraft/remove-background": {
    "usd_per_gen": 8.0,
    "rub_per_gen": 1264.0,
    "credits_per_gen": 1600.0,
    "is_free": false,
    "rank": 8
  },
  "bytedance/seedream": {
    "usd_per_gen": 10.0,
    "rub_per_gen": 1580.0,
    "credits_per_gen": 2000.0,
    "is_free": false,
    "rank": 9
  },
  "flux-2/flex-text-to-image": {
    "usd_per_gen": 10.0,
    "rub_per_gen": 1580.0,
    "credits_per_gen": 2000.0,
    "is_free": false,
    "rank": 10
  },
  "google/imagen4-fast": {
    "usd_per_gen": 10.0,
    "rub_per_gen": 1580.0,
    "credits_per_gen": 2000.0,
    "is_free": false,
    "rank": 11
  },
  "google/nano-banana-edit": {
    "usd_per_gen": 10.0,
    "rub_per_gen": 1580.0,
    "credits_per_gen": 2000.0,
    "is_free": false,
    "rank": 12
  },
  "bytedance/seedream-v4-text-to-image": {
    "usd_per_gen": 12.0,
    "rub_per_gen": 1896.0,
    "credits_per_gen": 2400.0,
    "is_free": false,
    "rank": 13
  },
  "flux-2/flex-image-to-image": {
    "usd_per_gen": 12.0,
    "rub_per_gen": 1896.0,
    "credits_per_gen": 2400.0,
    "is_free": false,
    "rank": 14
  },
  "flux/kontext": {
    "usd_per_gen": 12.0,
    "rub_per_gen": 1896.0,
    "credits_per_gen": 2400.0,
    "is_free": false,
    "rank": 15
  },
  "google/nano-banana-pro": {
    "usd_per_gen": 12.0,
    "rub_per_gen": 1896.0,
    "credits_per_gen": 2400.0,
    "is_free": false,
    "rank": 16
  },
  "grok-imagine/text-to-image": {
    "usd_per_gen": 12.0,
    "rub_per_gen": 1896.0,
    "credits_per_gen": 2400.0,
    "is_free": false,
    "rank": 17
  },
  "midjourney/api": {
    "usd_per_gen": 12.0,
    "rub_per_gen": 1896.0,
    "credits_per_gen": 2400.0,
    "is_free": false,
    "rank": 18
  },
  "openai/4o-image": {
    "usd_per_gen": 12.0,
    "rub_per_gen": 1896.0,
    "credits_per_gen": 2400.0,
    "is_free": false,
    "rank": 19
  },
  "qwen/text-to-image": {
    "usd_per_gen": 12.0,
    "rub_per_gen": 1896.0,
    "credits_per_gen": 2400.0,
    "is_free": false,
    "rank": 20
  },
  "recraft/crisp-upscale": {
    "usd_per_gen": 12.0,
    "rub_per_gen": 1896.0,
    "credits_per_gen": 2400.0,
    "is_free": false,
    "rank": 21
  },
  "seedream/4.5-text-to-image": {
    "usd_per_gen": 12.0,
    "rub_per_gen": 1896.0,
    "credits_per_gen": 2400.0,
    "is_free": false,
    "rank": 22
  },
  "bytedance/seedream-v4-edit": {
    "usd_per_gen": 15.0,
    "rub_per_gen": 2370.0,
    "credits_per_gen": 3000.0,
    "is_free": false,
    "rank": 23
  },
  "flux-2/pro-text-to-image": {
    "usd_per_gen": 15.0,
    "rub_per_gen": 2370.0,
    "credits_per_gen": 3000.0,
    "is_free": false,
    "rank": 24
  },
  "google/imagen4": {
    "usd_per_gen": 15.0,
    "rub_per_gen": 2370.0,
    "credits_per_gen": 3000.0,
    "is_free": false,
    "rank": 25
  },
  "ideogram/character": {
    "usd_per_gen": 15.0,
    "rub_per_gen": 2370.0,
    "credits_per_gen": 3000.0,
    "is_free": false,
    "rank": 26
  },
  "ideogram/v3-text-to-image": {
    "usd_per_gen": 15.0,
    "rub_per_gen": 2370.0,
    "credits_per_gen": 3000.0,
    "is_free": false,
    "rank": 27
  },
  "qwen/image-edit": {
    "usd_per_gen": 15.0,
    "rub_per_gen": 2370.0,
    "credits_per_gen": 3000.0,
    "is_free": false,
    "rank": 28
  },
  "qwen/image-to-image": {
    "usd_per_gen": 15.0,
    "rub_per_gen": 2370.0,
    "credits_per_gen": 3000.0,
    "is_free": false,
    "rank": 29
  },
  "seedream/4.5-edit": {
    "usd_per_gen": 15.0,
    "rub_per_gen": 2370.0,
    "credits_per_gen": 3000.0,
    "is_free": false,
    "rank": 30
  },
  "topaz/image-upscale": {
    "usd_per_gen": 15.0,
    "rub_per_gen": 2370.0,
    "credits_per_gen": 3000.0,
    "is_free": false,
    "rank": 31
  },
  "wan/2-2-animate-replace": {
    "usd_per_gen": 15.0,
    "rub_per_gen": 2370.0,
    "credits_per_gen": 3000.0,
    "is_free": false,
    "rank": 32
  },
  "flux-2/pro-image-to-image": {
    "usd_per_gen": 18.0,
    "rub_per_gen": 2844.0,
    "credits_per_gen": 3600.0,
    "is_free": false,
    "rank": 33
  },
  "ideogram/character-edit": {
    "usd_per_gen": 18.0,
    "rub_per_gen": 2844.0,
    "credits_per_gen": 3600.0,
    "is_free": false,
    "rank": 34
  },
  "ideogram/character-remix": {
    "usd_per_gen": 18.0,
    "rub_per_gen": 2844.0,
    "credits_per_gen": 3600.0,
    "is_free": false,
    "rank": 35
  },
  "ideogram/v3-edit": {
    "usd_per_gen": 18.0,
    "rub_per_gen": 2844.0,
    "credits_per_gen": 3600.0,
    "is_free": false,
    "rank": 36
  },
  "ideogram/v3-reframe": {
    "usd_per_gen": 18.0,
    "rub_per_gen": 2844.0,
    "credits_per_gen": 3600.0,
    "is_free": false,
    "rank": 37
  },
  "ideogram/v3-remix": {
    "usd_per_gen": 18.0,
    "rub_per_gen": 2844.0,
    "credits_per_gen": 3600.0,
    "is_free": false,
    "rank": 38
  },
  "google/imagen4-ultra": {
    "usd_per_gen": 20.0,
    "rub_per_gen": 3160.0,
    "credits_per_gen": 4000.0,
    "is_free": false,
    "rank": 39
  },
  "infinitalk/from-audio": {
    "usd_per_gen": 20.0,
    "rub_per_gen": 3160.0,
    "credits_per_gen": 4000.0,
    "is_free": false,
    "rank": 40
  },
  "kling/ai-avatar-v1-pro": {
    "usd_per_gen": 20.0,
    "rub_per_gen": 3160.0,
    "credits_per_gen": 4000.0,
    "is_free": false,
    "rank": 41
  },
  "kling/v1-avatar-standard": {
    "usd_per_gen": 20.0,
    "rub_per_gen": 3160.0,
    "credits_per_gen": 4000.0,
    "is_free": false,
    "rank": 42
  },
  "suno/v5": {
    "usd_per_gen": 25.0,
    "rub_per_gen": 3950.0,
    "credits_per_gen": 5000.0,
    "is_free": false,
    "rank": 43
  },
  "topaz/video-upscale": {
    "usd_per_gen": 50.0,
    "rub_per_gen": 7900.0,
    "credits_per_gen": 10000.0,
    "is_free": false,
    "rank": 44
  },
  "bytedance/v1-lite-image-to-video": {
    "usd_per_gen": 60.0,
    "rub_per_gen": 9480.0,
    "credits_per_gen": 12000.0,
    "is_free": false,
    "rank": 45
  },
  "bytedance/v1-lite-text-to-video": {
    "usd_per_gen": 70.0,
    "rub_per_gen": 11060.0,
    "credits_per_gen": 14000.0,
    "is_free": false,
    "rank": 46
  },
  "grok/imagine": {
    "usd_per_gen": 70.0,
    "rub_per_gen": 11060.0,
    "credits_per_gen": 14000.0,
    "is_free": false,
    "rank": 47
  },
  "bytedance/seedance": {
    "usd_per_gen": 80.0,
    "rub_per_gen": 12640.0,
    "credits_per_gen": 16000.0,
    "is_free": false,
    "rank": 48
  },
  "hailuo/02-image-to-video-standard": {
    "usd_per_gen": 85.0,
    "rub_per_gen": 13430.0,
    "credits_per_gen": 17000.0,
    "is_free": false,
    "rank": 49
  },
  "hailuo/2-3-image-to-video-standard": {
    "usd_per_gen": 85.0,
    "rub_per_gen": 13430.0,
    "credits_per_gen": 17000.0,
    "is_free": false,
    "rank": 50
  },
  "grok-imagine/image-to-video": {
    "usd_per_gen": 90.0,
    "rub_per_gen": 14220.0,
    "credits_per_gen": 18000.0,
    "is_free": false,
    "rank": 51
  },
  "hailuo/02-text-to-video-standard": {
    "usd_per_gen": 90.0,
    "rub_per_gen": 14220.0,
    "credits_per_gen": 18000.0,
    "is_free": false,
    "rank": 52
  },
  "kling/v2-1-master-image-to-video": {
    "usd_per_gen": 90.0,
    "rub_per_gen": 14220.0,
    "credits_per_gen": 18000.0,
    "is_free": false,
    "rank": 53
  },
  "kling/v2-5-turbo-image-to-video-pro": {
    "usd_per_gen": 90.0,
    "rub_per_gen": 14220.0,
    "credits_per_gen": 18000.0,
    "is_free": false,
    "rank": 54
  },
  "runway/gen-4": {
    "usd_per_gen": 90.0,
    "rub_per_gen": 14220.0,
    "credits_per_gen": 18000.0,
    "is_free": false,
    "rank": 55
  },
  "wan/2-2-a14b-image-to-video-turbo": {
    "usd_per_gen": 90.0,
    "rub_per_gen": 14220.0,
    "credits_per_gen": 18000.0,
    "is_free": false,
    "rank": 56
  },
  "wan/2-5-image-to-video": {
    "usd_per_gen": 90.0,
    "rub_per_gen": 14220.0,
    "credits_per_gen": 18000.0,
    "is_free": false,
    "rank": 57
  },
  "wan/2-6-image-to-video": {
    "usd_per_gen": 90.0,
    "rub_per_gen": 14220.0,
    "credits_per_gen": 18000.0,
    "is_free": false,
    "rank": 58
  },
  "bytedance/v1-pro-fast-image-to-video": {
    "usd_per_gen": 95.0,
    "rub_per_gen": 15010.0,
    "credits_per_gen": 19000.0,
    "is_free": false,
    "rank": 59
  },
  "wan/2-6-video-to-video": {
    "usd_per_gen": 95.0,
    "rub_per_gen": 15010.0,
    "credits_per_gen": 19000.0,
    "is_free": false,
    "rank": 60
  },
  "bytedance/v1-pro-image-to-video": {
    "usd_per_gen": 100.0,
    "rub_per_gen": 15800.0,
    "credits_per_gen": 20000.0,
    "is_free": false,
    "rank": 61
  },
  "grok-imagine/text-to-video": {
    "usd_per_gen": 100.0,
    "rub_per_gen": 15800.0,
    "credits_per_gen": 20000.0,
    "is_free": false,
    "rank": 62
  },
  "hailuo/2.3": {
    "usd_per_gen": 100.0,
    "rub_per_gen": 15800.0,
    "credits_per_gen": 20000.0,
    "is_free": false,
    "rank": 63
  },
  "kling-2.6/image-to-video": {
    "usd_per_gen": 100.0,
    "rub_per_gen": 15800.0,
    "credits_per_gen": 20000.0,
    "is_free": false,
    "rank": 64
  },
  "kling/v2-1-master-text-to-video": {
    "usd_per_gen": 100.0,
    "rub_per_gen": 15800.0,
    "credits_per_gen": 20000.0,
    "is_free": false,
    "rank": 65
  },
  "kling/v2-1-pro": {
    "usd_per_gen": 100.0,
    "rub_per_gen": 15800.0,
    "credits_per_gen": 20000.0,
    "is_free": false,
    "rank": 66
  },
  "kling/v2-1-standard": {
    "usd_per_gen": 100.0,
    "rub_per_gen": 15800.0,
    "credits_per_gen": 20000.0,
    "is_free": false,
    "rank": 67
  },
  "kling/v2-5-turbo-text-to-video-pro": {
    "usd_per_gen": 100.0,
    "rub_per_gen": 15800.0,
    "credits_per_gen": 20000.0,
    "is_free": false,
    "rank": 68
  },
  "wan/2-2-a14b-speech-to-video-turbo": {
    "usd_per_gen": 100.0,
    "rub_per_gen": 15800.0,
    "credits_per_gen": 20000.0,
    "is_free": false,
    "rank": 69
  },
  "wan/2-2-a14b-text-to-video-turbo": {
    "usd_per_gen": 100.0,
    "rub_per_gen": 15800.0,
    "credits_per_gen": 20000.0,
    "is_free": false,
    "rank": 70
  },
  "wan/2-2-animate-move": {
    "usd_per_gen": 100.0,
    "rub_per_gen": 15800.0,
    "credits_per_gen": 20000.0,
    "is_free": false,
    "rank": 71
  },
  "wan/2-5-text-to-video": {
    "usd_per_gen": 100.0,
    "rub_per_gen": 15800.0,
    "credits_per_gen": 20000.0,
    "is_free": false,
    "rank": 72
  },
  "wan/2-6-text-to-video": {
    "usd_per_gen": 100.0,
    "rub_per_gen": 15800.0,
    "credits_per_gen": 20000.0,
    "is_free": false,
    "rank": 73
  },
  "bytedance/v1-pro-text-to-video": {
    "usd_per_gen": 110.0,
    "rub_per_gen": 17380.0,
    "credits_per_gen": 22000.0,
    "is_free": false,
    "rank": 74
  },
  "hailuo/02-image-to-video-pro": {
    "usd_per_gen": 110.0,
    "rub_per_gen": 17380.0,
    "credits_per_gen": 22000.0,
    "is_free": false,
    "rank": 75
  },
  "hailuo/2-3-image-to-video-pro": {
    "usd_per_gen": 110.0,
    "rub_per_gen": 17380.0,
    "credits_per_gen": 22000.0,
    "is_free": false,
    "rank": 76
  },
  "kling-2.6/text-to-video": {
    "usd_per_gen": 110.0,
    "rub_per_gen": 17380.0,
    "credits_per_gen": 22000.0,
    "is_free": false,
    "rank": 77
  },
  "hailuo/02-text-to-video-pro": {
    "usd_per_gen": 120.0,
    "rub_per_gen": 18960.0,
    "credits_per_gen": 24000.0,
    "is_free": false,
    "rank": 78
  },
  "google/veo-3": {
    "usd_per_gen": 150.0,
    "rub_per_gen": 23700.0,
    "credits_per_gen": 30000.0,
    "is_free": false,
    "rank": 79
  },
  "google/veo-3.1": {
    "usd_per_gen": 180.0,
    "rub_per_gen": 28440.0,
    "credits_per_gen": 36000.0,
    "is_free": false,
    "rank": 80
  }
}